10_2023_11_03	date	250	RSV-A
10_2023_11_11	date	250	RSV-A
10_2023_11_19	date	250	RSV-A
10_2023_11_26	date	250	RSV-A
10_2023_12_03	date	250	RSV-A
10_2023_12_08	date	250	RSV-A
10_2023_12_16	date	250	RSV-A
10_2023_12_21	date	250	RSV-A
10_2023_12_27	date	250	RSV-A
10_2024_01_02	date	250	RSV-A
10_2024_01_13	date	250	RSV-A
10_2024_01_21	date	250	RSV-A
10_2024_01_28	date	250	RSV-A
10_2024_02_04	date	250	RSV-A
10_2024_02_10	date	250	RSV-A
10_2024_02_18	date	250	RSV-A
10_2024_02_24	date	250	RSV-A
10_2024_02_29	date	250	RSV-A
16_2023_11_05	date	250	RSV-A
16_2023_11_09	date	250	RSV-A
16_2023_11_14	date	250	RSV-A
16_2023_11_23	date	250	RSV-A
16_2023_11_27	date	250	RSV-A
16_2023_12_05	date	250	RSV-A
16_2023_12_17	date	250	RSV-A
16_2023_12_24	date	250	RSV-A
16_2023_12_27	date	250	RSV-A
16_2024_01_04	date	250	RSV-A
16_2024_01_08	date	250	RSV-A
16_2024_01_15	date	250	RSV-A
16_2024_01_24	date	250	RSV-A
16_2024_01_29	date	250	RSV-A
16_2024_02_09	date	250	RSV-A
16_2024_02_18	date	250	RSV-A
16_2024_02_23	date	250	RSV-A
16_2024_02_29	date	250	RSV-A
